variance,k,budget,P,R,F1,AUC,alerts_per_h
0.9,38,0.25,0.9175,0.6199324324324325,0.7399193548387096,0.951572385120752,7.169529499626586
0.9,38,0.5,0.8778026905829597,0.6613175675675675,0.7543352601156069,0.951572385120752,7.9940253920836435
0.9,38,1.0,0.8466321243523316,0.6900337837837838,0.7603536528617962,0.951572385120752,8.64824495892457
0.95,54,0.25,0.9123222748815166,0.6503378378378378,0.7593688362919132,0.9521605427655861,7.563853622106048
0.95,54,0.5,0.8981693363844394,0.6630067567567568,0.7628765792031098,0.9521605427655861,7.832710978342045
0.95,54,1.0,0.8497942386831275,0.6976351351351351,0.7662337662337663,0.9521605427655861,8.710978342046303
0.98,77,0.25,0.9078498293515358,0.6739864864864865,0.7736306349975763,0.9622462902041843,7.8775205377147115
0.98,77,0.5,0.8873538788522848,0.7052364864864865,0.7858823529411765,0.9622462902041843,8.433159073935773
0.98,77,1.0,0.8234200743494424,0.7483108108108109,0.784070796460177,0.9622462902041843,9.643017176997759
0.99,95,0.25,0.9043869516310461,0.6790540540540541,0.7756874095513748,0.9575327327789434,7.967139656460044
0.99,95,0.5,0.8747433264887063,0.7195945945945946,0.7896200185356812,0.9575327327789434,8.728902165795368
0.99,95,1.0,0.7785527462946817,0.754222972972973,0.7661947661947662,0.9575327327789434,10.279312920089618
