alerts,incidents,false_inc,merged_inc,events,detected,split,one2one,hours,inc_per_h,median_span_s,max_span_s,p90_span_s,tau,sigma,rule
941,64,15,0,50,46,3,43,111.58333333333334,0.573562359970127,180.0,610.0,357.0,60,0.6,cos
941,66,15,0,50,46,5,41,111.58333333333334,0.5914861837191934,180.0,610.0,355.0,60,0.7,cos
941,66,15,0,50,46,5,41,111.58333333333334,0.5914861837191934,180.0,610.0,355.0,60,0.8,cos
941,70,16,0,50,46,7,39,111.58333333333334,0.6273338312173263,180.0,610.0,350.0,60,0.9,cos
941,81,19,0,50,46,11,35,111.58333333333334,0.7259148618371919,160.0,610.0,340.0,60,0.95,cos
941,63,15,0,50,46,2,44,111.58333333333334,0.5646004480955937,180.0,610.0,358.00000000000006,60,,time
941,73,15,0,50,46,8,38,111.58333333333334,0.654219566840926,170.0,610.0,335.99999999999994,60,,dom
941,62,15,0,50,46,1,45,111.58333333333334,0.5556385362210604,180.0,610.0,359.0,120,0.6,cos
941,64,15,0,50,46,3,43,111.58333333333334,0.573562359970127,180.0,610.0,357.0,120,0.7,cos
941,64,15,0,50,46,3,43,111.58333333333334,0.573562359970127,180.0,610.0,357.0,120,0.8,cos
941,68,16,0,50,46,5,41,111.58333333333334,0.6094100074682598,180.0,610.0,350.0,120,0.9,cos
941,79,19,0,50,46,9,37,111.58333333333334,0.7079910380881254,160.0,610.0,342.0,120,0.95,cos
941,60,14,0,50,46,0,46,111.58333333333334,0.537714712471994,185.0,610.0,361.0,120,,time
941,71,15,0,50,46,6,40,111.58333333333334,0.6362957430918595,170.0,610.0,340.0,120,,dom
941,62,15,0,50,46,1,45,111.58333333333334,0.5556385362210604,180.0,610.0,359.0,300,0.6,cos
941,64,15,0,50,46,3,43,111.58333333333334,0.573562359970127,180.0,610.0,357.0,300,0.7,cos
941,64,15,0,50,46,3,43,111.58333333333334,0.573562359970127,180.0,610.0,357.0,300,0.8,cos
941,68,16,0,50,46,5,41,111.58333333333334,0.6094100074682598,180.0,610.0,350.0,300,0.9,cos
941,79,19,0,50,46,9,37,111.58333333333334,0.7079910380881254,160.0,610.0,342.0,300,0.95,cos
941,60,14,0,50,46,0,46,111.58333333333334,0.537714712471994,185.0,610.0,361.0,300,,time
941,71,15,0,50,46,6,40,111.58333333333334,0.6362957430918595,170.0,610.0,340.0,300,,dom
941,62,15,0,50,46,1,45,111.58333333333334,0.5556385362210604,180.0,610.0,359.0,600,0.6,cos
941,64,15,0,50,46,3,43,111.58333333333334,0.573562359970127,180.0,610.0,357.0,600,0.7,cos
941,64,15,0,50,46,3,43,111.58333333333334,0.573562359970127,180.0,610.0,357.0,600,0.8,cos
941,68,16,0,50,46,5,41,111.58333333333334,0.6094100074682598,180.0,610.0,350.0,600,0.9,cos
941,79,19,0,50,46,9,37,111.58333333333334,0.7079910380881254,160.0,610.0,342.0,600,0.95,cos
941,60,14,0,50,46,0,46,111.58333333333334,0.537714712471994,185.0,610.0,361.0,600,,time
941,71,15,0,50,46,6,40,111.58333333333334,0.6362957430918595,170.0,610.0,340.0,600,,dom
941,62,15,0,50,46,1,45,111.58333333333334,0.5556385362210604,180.0,610.0,359.0,900,0.6,cos
941,64,15,0,50,46,3,43,111.58333333333334,0.573562359970127,180.0,610.0,357.0,900,0.7,cos
941,64,15,0,50,46,3,43,111.58333333333334,0.573562359970127,180.0,610.0,357.0,900,0.8,cos
941,68,16,0,50,46,5,41,111.58333333333334,0.6094100074682598,180.0,610.0,350.0,900,0.9,cos
941,79,19,0,50,46,9,37,111.58333333333334,0.7079910380881254,160.0,610.0,342.0,900,0.95,cos
941,60,14,0,50,46,0,46,111.58333333333334,0.537714712471994,185.0,610.0,361.0,900,,time
941,71,15,0,50,46,6,40,111.58333333333334,0.6362957430918595,170.0,610.0,340.0,900,,dom
