file,event,latency_s,lead,top,hit,multi,tie,hit_active,n_active
1,0,80.0,1,1,1,0,0,1,1
1,1,20.0,1,1,1,0,0,1,1
1,2,10.0,1,1,1,0,0,1,1
1,3,0.0,2,2,1,0,0,1,1
1,4,10.0,2,2,1,0,0,1,1
2,0,40.0,2,2,1,0,0,1,1
2,1,60.0,1,1,1,0,0,1,1
2,2,0.0,1,1,1,0,0,1,1
2,3,20.0,1,1,1,0,0,1,1
2,4,40.0,1,1,1,0,0,1,1
2,5,10.0,1,1,1,0,0,1,1
2,6,30.0,2,2,1,0,0,1,1
2,7,30.0,1,1,1,0,0,1,1
2,8,20.0,1,1,1,0,0,1,1
2,10,0.0,2,2,1,0,0,1,1
2,11,30.0,2,2,1,0,0,1,1
2,12,20.0,1,1,1,0,0,1,1
2,14,0.0,2,2,1,0,0,1,1
2,15,0.0,1,1,1,0,0,1,1
2,16,150.0,2,2,1,0,0,1,1
2,17,0.0,1,1,1,0,0,1,1
3,0,0.0,1,1,1,0,0,1,1
3,1,20.0,1,1,1,0,0,1,1
3,2,10.0,1,1,1,0,0,1,1
3,3,10.0,2,2,1,0,0,1,1
3,4,0.0,2,2,1,0,0,1,1
3,5,0.0,1,2,0,1,0,0,1
3,6,0.0,1,1,1,1,1,1,2
3,7,0.0,1,2,0,1,1,1,2
4,0,20.0,1,1,1,0,0,1,1
4,1,30.0,1,1,1,1,1,1,2
4,2,20.0,1,1,1,1,1,1,2
4,3,0.0,1,2,0,1,1,1,2
4,4,0.0,2,2,1,1,1,1,2
5,0,40.0,2,2,1,1,0,1,2
5,1,0.0,1,2,0,1,1,1,2
5,2,0.0,1,2,0,1,1,1,2
5,3,0.0,1,1,1,1,1,1,2
5,4,0.0,1,2,0,1,0,0,1
5,5,0.0,2,2,1,1,1,1,2
5,6,0.0,2,2,1,0,0,1,1
5,7,0.0,1,1,1,0,0,1,1
5,8,40.0,1,1,1,0,0,1,1
5,9,10.0,1,1,1,0,0,1,1
5,10,30.0,2,2,1,1,1,1,2
5,11,20.0,1,1,1,0,0,1,1
